,TRBJ2-7*01,TRBJ2-1*01,TRBJ1-1*01,TRBJ2-5*01,TRBJ1-6*01,TRBJ2-3*01,TRBJ2-2P*01,TRBJ1-3*01,TRBJ2-6*01,TRBJ1-2*01,TRBJ1-4*01,TRBJ1-5*01,TRBJ2-4*01,TRBJ2-2*01
0,0.18519863461398794,0.054688067397777616,0.20945602440264363,0.025855181930423413,0.05926356307647614,0.03747548841600697,0.0,0.04800639116856707,0.022223836153678553,0.16355581378458856,0.058973055414336555,0.0971021860701576,0.003703972692279759,0.03449778487907618
1,0.22779380800124777,0.07385167277548156,0.16431412306012633,0.02012009670123996,0.06371363955392653,0.027060750214458393,0.0,0.052873742493956176,0.022771582313031273,0.15573578725727208,0.06004835061997972,0.10067846837713483,0.004211183030492085,0.02682679560165328
2,0.15336869427829816,0.10179437986683218,0.13993905879697552,0.06980024827897528,0.05321069856675319,0.08622051687168492,0.0,0.037806116691118385,0.020370161381333934,0.13536846857013882,0.048075837941541584,0.08661550615054735,0.011680397246360457,0.055749915359440246
3,0.18502764780944278,0.1659719268396427,0.1295618885580604,0.05172267120374309,0.05053168864313058,0.06712037430880477,0.0,0.03700552956188856,0.020161633347511698,0.09842620161633348,0.04704381114419396,0.07613781369629945,0.00918757975329647,0.062101233517652066
4,0.16006884681583478,0.08433734939759036,0.1566265060240964,0.0387263339070568,0.07142857142857142,0.05249569707401033,0.0,0.04475043029259897,0.012908777969018933,0.17555938037865748,0.06368330464716007,0.09896729776247848,0.0034423407917383822,0.03700516351118761
5,0.2879397637284175,0.09639101648708295,0.1395560171361807,0.023172789822147214,0.048487602232896276,0.034272361417629495,0.0,0.04167207581461768,0.03206542905361547,0.10443982863819291,0.05432948201999221,0.09996105413475269,0.0031156692197844994,0.03459691029469038
6,0.23256325632563257,0.07532086541987532,0.14822148881554822,0.028896222955628895,0.05786578657865787,0.03601026769343601,0.0,0.04583791712504584,0.025302530253025302,0.14528786211954528,0.058012467913458016,0.10898423175650898,0.0054272093876054275,0.03226989365603227
7,0.20608883019392507,0.14422742753875026,0.12497393480225204,0.0576909710155001,0.038576492666991036,0.07611037742406339,0.0,0.03294640995343018,0.02453603948008619,0.10148050323208452,0.04594425523041635,0.07652742058803086,0.012094251755056648,0.05880308611941336
8,0.24034281455719786,0.08185318593963482,0.1522792199726742,0.027822630729101974,0.06558191529002608,0.041982362439448515,0.0,0.044218109551608493,0.02434480188796423,0.11439572723885232,0.06272512731337722,0.10520432244441684,0.003850453359831077,0.03539932927586635
9,0.19581263307310148,0.13385379701916253,0.15762952448545067,0.05124201561391058,0.037970191625266145,0.06650106458481192,0.0,0.040951029098651524,0.02114975159687722,0.11653655074520937,0.03981547196593328,0.0773598296664301,0.009368346344925478,0.051809794180269694
10,0.3041551909950904,0.07963118189438391,0.1630942402107532,0.012333852233265477,0.049574901209435994,0.021913543288228955,0.0,0.04310860974733565,0.024428212190156867,0.13315770566399235,0.05173033169680278,0.09316249550951981,0.002993653454676087,0.02071608190635852
11,0.22634654872847892,0.09761491075659454,0.22460906649818355,0.011688516821987047,0.07676512399305008,0.01595324593271205,0.0,0.03696098562628337,0.006002211341020376,0.12193966198072974,0.06491865424103617,0.0914547464855473,0.00157952930026852,0.024166798294108355
12,0.22304081366540618,0.07015256226365889,0.19735297952796974,0.011409571000130394,0.05620028686921372,0.019363671925935584,0.0,0.049419741817707655,0.020080844960229497,0.17101316990481158,0.0569826574520798,0.09890468118398749,0.0014995436171599949,0.02457947581170948
13,0.29478438725072437,0.0998806885972388,0.1484574740071587,0.021561274927560933,0.039628430202829384,0.03306630305096302,0.0,0.04806545082665758,0.020282938469405147,0.12408385887165502,0.04363388443838418,0.0896539969319925,0.003323674791205045,0.033577637634225325
14,0.22957547774785173,0.07259202257278441,0.18661023470565602,0.011414646658971399,0.04924971142747211,0.02244452994741567,0.0,0.04578684109272797,0.02821598050532256,0.177375913813005,0.05540592535590612,0.09144542772861357,0.003206361421059382,0.026676927023214055
15,0.0679533976698835,0.15700785039251963,0.13670683534176709,0.09220461023051152,0.043002150107505376,0.10995549777488875,0.0,0.03810190509525476,0.0184009200460023,0.11725586279313965,0.04875243762188109,0.08180409020451022,0.014350717535876793,0.0745037251862593
16,0.0584385226741468,0.16541997818295154,0.11196820944366527,0.10799438990182328,0.049555867227676485,0.12147420913199314,0.0,0.034517687392862706,0.01955742558828113,0.09131993143213339,0.05119214586255259,0.08461898083216457,0.021037868162692847,0.08290478416705625
17,0.10796879353580384,0.131884461781369,0.12840159747376242,0.09960991919754807,0.03608247422680412,0.12412928392309835,0.0,0.036407541562180734,0.019318287359524473,0.12050710504318751,0.040819169685149065,0.06770688213987183,0.01676418686727965,0.07040029720442091
18,0.10261178943963775,0.11377051831487021,0.1216139726692003,0.0967089835853481,0.051831487021913154,0.11344707689819682,0.0,0.03929813212581871,0.021266273146276382,0.12444408506509258,0.04908223498018921,0.08522681329344223,0.01673809331284871,0.06396054014716585
19,0.12377129750982963,0.14384010484927917,0.1188564875491481,0.09624836173001311,0.047182175622542594,0.10861730013106159,0.0,0.03612385321100917,0.019003931847968544,0.10788007863695936,0.037762123197903015,0.07257536041939712,0.013024246395806028,0.07511467889908256
20,0.19374432730573204,0.17286881239963695,0.07938281086364589,0.1056342944913775,0.02904419465195839,0.10891572994484396,0.0,0.0210849682329121,0.032185994554213504,0.06674579347901975,0.035257976680862946,0.05752984709907143,0.022132234866997138,0.07547301542972841
21,0.09369768321002322,0.1650915375060755,0.10719879030080466,0.1085489010098828,0.037425068855646164,0.12264405681265864,0.0,0.03175460387751795,0.01879354107036777,0.10471458659610088,0.04385159583085813,0.0697737214451585,0.018091483501647136,0.07841442998325862
22,0.0772341285887586,0.16061463809138699,0.12697128993125759,0.08928427011726647,0.05162420811430112,0.11346542660735948,0.0,0.03563822617603451,0.019733117670845127,0.11273756570966438,0.04634047715325516,0.07871680819517456,0.016174686615446826,0.07146515702924923
23,0.08903595551613563,0.16190216278911101,0.10322712697004845,0.1090946305519547,0.044074503650133046,0.1310636555911851,0.0,0.03308999113051784,0.01917172681994951,0.10199904482499829,0.04332400900593573,0.0659070751176912,0.0201951286074913,0.0779149894248482
24,0.061044924697344335,0.15426608008734466,0.12565428213609067,0.09405606756366205,0.047525769885360135,0.11203879130406859,0.0,0.03397450306669664,0.023891332969397258,0.10108859702642818,0.05015895443306252,0.0947946437172859,0.017083587553386213,0.08442246555987283
25,0.1501672899035623,0.1819195696385226,0.09820901397362723,0.10929607032736338,0.027422423407465722,0.12294167814734633,0.0,0.024011021452469986,0.023420586498720725,0.07301712261365872,0.0313586564324608,0.05805943711867743,0.018500295217476873,0.0816768352686479
26,0.032171161858221345,0.18300285060927857,0.14506781944052877,0.09522914513047019,0.03987720452338439,0.12194969144503963,0.0,0.033643454562541114,0.01917113053284466,0.13347743006609655,0.04175672712464367,0.05832785139241299,0.01863859912915453,0.07768693418538358
27,0.09810366624525917,0.1175094816687737,0.12471554993678888,0.10979772439949431,0.0511378002528445,0.10707964601769912,0.0,0.03969658659924147,0.020417193426042982,0.12161820480404552,0.050063211125158026,0.07996207332490518,0.01504424778761062,0.06485461441213654
28,0.08944752996199941,0.18625158335769268,0.10771704180064309,0.10401442073467797,0.03371333917957712,0.12320958783981292,0.0,0.03273896521484946,0.022946506869336452,0.08798596901490792,0.037854428529669686,0.07044723764981,0.020802884146935593,0.0828705057000877
29,0.06404691188789886,0.1815550986215825,0.10288629959637499,0.11217729038153987,0.047292666209732694,0.1365471022770543,0.0,0.03137613281547483,0.018658137232503237,0.09108217195948519,0.03922016601934354,0.07158632244307364,0.018962759881197166,0.08460894067473916
30,0.08441353145747708,0.1592633575719254,0.11515965855200759,0.10441036990199178,0.04268099905153335,0.125671830540626,0.0,0.032959215934239644,0.019996838444514702,0.11760986405311413,0.03738539361365792,0.069238065128043,0.022368005058488776,0.06884287069238065
31,0.07944787737741754,0.17021105850252788,0.10833801460556938,0.09613995666479416,0.04734772490169328,0.12519059465532462,0.0,0.035550918866864616,0.0195810930101918,0.0971832116202552,0.042773453173902576,0.07134258887729716,0.01982184415375973,0.08707166359040205
32,0.17212249208025343,0.12865188313973952,0.12372404083069342,0.08174938401971137,0.04892643435410067,0.07752551918338613,0.0,0.037222808870116156,0.02375923970432946,0.1033086941217881,0.04963041182682154,0.08122140091517072,0.015575501583949313,0.05658218936994016
33,0.09831418767715948,0.18827390720572879,0.09756825302103536,0.10622109503207519,0.03729673280620618,0.1274056392660003,0.0,0.031180068625988364,0.024615843652096077,0.09234671042816649,0.03461136804415933,0.05758615545278234,0.021184544233925108,0.08339549455467701
34,0.1387288099945316,0.13948597148025071,0.1558070079501956,0.0758002776258781,0.03659613847642283,0.07971227863542675,0.0,0.04067639759390906,0.02776258780970008,0.11513061035628655,0.038867622933580113,0.07815589113700416,0.01367097126992807,0.059605434736886384
35,0.058775005155702206,0.1496184780367086,0.1316250773355331,0.10620746545679521,0.048721385852753145,0.11713755413487317,0.0,0.03969890699113219,0.016446690039183337,0.11337389152402558,0.05052588162507734,0.07914002887193236,0.016549804083316147,0.07217983089296762
36,0.05744854845304621,0.17057380400708735,0.10201717323156603,0.10665121984462314,0.04456862477851983,0.13990731906773884,0.0,0.03673163418290855,0.02214801690064059,0.1005860706010631,0.044023442824042525,0.06746626686656672,0.020308027804279677,0.0875698514379174
37,0.052757506878813254,0.11927264026797464,0.13931092235913387,0.0977987797583443,0.05694461059935399,0.10521593492044502,0.0,0.043246799856442156,0.01830362483550664,0.1341667663596124,0.050484507716234,0.09235554492164134,0.01764565139370738,0.072496710132791
38,0.07799015534104711,0.14715847343859872,0.15099405484881417,0.08534168637729336,0.04494022885635748,0.10388032986000127,0.0,0.04321421722176053,0.018027232628012528,0.1178802020072876,0.0450041552131944,0.0792686824777856,0.01770760084382791,0.06859298088601931
39,0.09735285561912149,0.14908368079123435,0.1356540288955687,0.08833511102492,0.04600989042955493,0.10894017259769223,0.0,0.03611946087462426,0.022108019005139146,0.10549791525259382,0.043343353049549116,0.07674779404634927,0.018520314166585863,0.07228740424706681
40,0.06995045176333431,0.14981055085980763,0.1289225687360342,0.1031769163509181,0.040804430195278345,0.1199844554551637,0.0,0.035072379286894,0.024385504711940155,0.11318371708928399,0.04158165743709317,0.07179636646264452,0.018750607208782667,0.08258039444282522
41,0.060165207742571815,0.11114535815559118,0.1490568363950191,0.09012452225372951,0.05720626309949452,0.10251510294661571,0.0,0.04894587597090371,0.019048206139810134,0.12446060904943904,0.05615830353840463,0.10078905190482061,0.017815312538527923,0.06256935026507213
42,0.05378498528583057,0.11934130611733768,0.17869889174128106,0.0770145889424582,0.05322146390332477,0.0988666958862939,0.0,0.043453759939891055,0.019660634900757624,0.13856364660947967,0.052908396468599336,0.0859057040886607,0.01114520067622566,0.06743472543985975
43,0.06401804302567661,0.15637288919731668,0.1184941013185288,0.10987739995373583,0.05054360397871848,0.12468193384223919,0.0,0.03250057830210502,0.02145500809622947,0.1042678695350451,0.04262086513994911,0.07645153828359935,0.0176382142030997,0.08107795512375665
44,0.09055038034414026,0.15620550787129317,0.12345930114306634,0.09913354757352642,0.04816336492698206,0.1161778464792743,0.0,0.03530895334174023,0.016800227799698978,0.09486230321767075,0.044014156124150834,0.08367571085709637,0.019281617377862752,0.07236708294349754
45,0.15902255639097745,0.16631578947368422,0.11075187969924812,0.08556390977443609,0.03406015037593985,0.10766917293233083,0.0,0.028721804511278197,0.023984962406015036,0.08887218045112782,0.037819548872180454,0.06654135338345865,0.018947368421052633,0.07172932330827067
46,0.09038549643301264,0.16794292820210746,0.12795340009162903,0.09162903331369854,0.04561816872831992,0.10570063485830225,0.0,0.035277177825773935,0.017736762877151646,0.10635512795340009,0.042214804633811116,0.08109169448262321,0.01668957392499509,0.07140519667517507
47,0.07318666957089959,0.13359471429608655,0.11493501778842663,0.11704058665504974,0.05249401001960357,0.13221520365933348,0.0,0.03608509402454077,0.019530966383503958,0.1081826762506353,0.04741160241051332,0.07681696072024977,0.01771582080882887,0.07079067741232847
48,0.0728406055209261,0.12300385871178392,0.1334520629266845,0.09884238646482636,0.05574354407836153,0.11077471059661621,0.0,0.03959631938260611,0.01674087266251113,0.1157613535173642,0.0520629266844761,0.0939744731374295,0.013297714455327991,0.07390917186108638
49,0.08531109685695959,0.15795381654906993,0.12219371391917896,0.08434894162924952,0.04858883899935856,0.11369467607440667,0.0,0.03752405388069275,0.021488133418858243,0.09060295060936498,0.04217447081462476,0.0928479794740218,0.017479153303399615,0.08579217447081462
50,0.3201634877384196,0.06687102633969119,0.15690281562216168,0.0085149863760218,0.046094459582198,0.01589464123524069,0.0,0.04302906448683015,0.03508174386920981,0.11852861035422343,0.06607629427792916,0.10149863760217984,0.002838328792007266,0.018505903723887374
51,0.2574269431308355,0.10731174972717351,0.15726931005214018,0.03601309567115315,0.03795319510124894,0.04813871710925185,0.0,0.03977203831696374,0.021826118588577664,0.12671274402813143,0.04741117982296593,0.07711895234630775,0.0061840669334303384,0.03686188917182005
52,0.20206362854686155,0.0765262252794497,0.17913442247062195,0.03324734881054744,0.04843794783605618,0.04652718066303621,0.0,0.0470048724562912,0.022164899207031623,0.1584981370020063,0.051972867106143114,0.09324543804337442,0.005541224801757906,0.0356358077768224
53,0.1646713349898351,0.052970408854754916,0.17924102100745426,0.028122882313078836,0.07691438897673368,0.03083352157217077,0.0,0.0577140275581658,0.025864016263835554,0.15382877795346736,0.07612378585949853,0.11904224079512085,0.0036141856787892477,0.0310594081770951
54,0.25880228708997893,0.06470057177249473,0.16942521817634668,0.012639181462533854,0.05236232320192597,0.022569966897381884,0.0,0.05386698766175143,0.022269034005416792,0.1399337947637677,0.0586819139331929,0.12157688835389709,0.003009328919650918,0.02016250376166115
55,0.11822565091610415,0.1103182256509161,0.151976856316297,0.049566055930568946,0.06518804243008679,0.04513018322082932,0.0,0.0553519768563163,0.028351012536162006,0.14310511089681774,0.06518804243008679,0.11629701060752169,0.006557377049180328,0.04474445515911282
56,0.22471029014550842,0.07040167291103946,0.16511283436438093,0.021434172693212513,0.06804914176178443,0.027097673608085737,0.0,0.05855188638145857,0.023786703842467543,0.13914786093926984,0.06508669512938921,0.10682234033283959,0.0025267927158665157,0.02727193517469722
57,0.2360070949940875,0.06957035869136775,0.18525817895151753,0.010248324793062672,0.055183287347260544,0.01507686243594797,0.0,0.05183287347260544,0.02207331493890422,0.1584548679542767,0.06336223886480094,0.10662199448167127,0.0014781237682301932,0.024832479306267245
58,0.1835780174093803,0.08782642588021307,0.13589710276731193,0.0446927374301676,0.06729894764193842,0.052228140834091205,0.0,0.046641548655320254,0.02546446667532805,0.1375860724957776,0.0584643367545797,0.10510588540989996,0.008964531635702221,0.04625178641028972
59,0.17666349307098275,0.11837511900983815,0.13551253570295144,0.05194118269332487,0.045805564371099124,0.07764730773299482,0.0,0.03734264254733947,0.02845657463239183,0.11647096159949223,0.051835396170527875,0.09764096054162699,0.009943933142917593,0.05236432878451285
60,0.24030103879584483,0.06010175959296163,0.20002119991520034,0.007737969048123808,0.054589781640873435,0.01907992368030528,0.0,0.043671825312698746,0.022895908416366333,0.17330930676277295,0.06402374390502438,0.09433962264150944,0.002331990672037312,0.017595929616281536
61,0.26777292576419215,0.061484716157205244,0.19406113537117903,0.005414847161572052,0.04751091703056769,0.013973799126637555,0.0,0.04489082969432314,0.01921397379912664,0.17746724890829693,0.05572052401746725,0.09240174672489083,0.00034934497816593884,0.019737991266375546
62,0.18404059040590406,0.08971402214022141,0.1763530135301353,0.025138376383763837,0.07779827798277983,0.03328720787207872,0.0,0.044587945879458794,0.024984624846248464,0.12661439114391143,0.07041820418204182,0.10939421894218943,0.0035362853628536283,0.03413284132841329
63,0.23625767837454717,0.04977161757757127,0.18538352496456134,0.00693022523232005,0.06237202709088045,0.013545440226807372,0.0,0.05654433769097496,0.022208221767207433,0.16223027248385571,0.06882973696645141,0.11560875728461174,0.0018900614269963774,0.018428098913214678
64,0.11188684923262113,0.12633162804694553,0.1425820042130605,0.08967800180559735,0.04808907613602167,0.10701173638278663,0.0,0.03665362624134818,0.016069816430935902,0.1193499849533554,0.044778814324405655,0.07366837195305447,0.0124586217273548,0.0714414685525128
65,0.22767929744673931,0.09725158562367865,0.15482192226378272,0.01544966661245731,0.057895592779313707,0.02911042445926167,0.0,0.04439746300211417,0.029923564807285738,0.13010245568385104,0.06862904537323142,0.11237599609692633,0.001463652626443324,0.03089933322491462
66,0.2593120293099939,0.07856706696519439,0.15489517606350497,0.012416039079991859,0.0726643598615917,0.02381437003867291,0.0,0.0508854060655404,0.024424994911459393,0.1304701811520456,0.06513331976389172,0.09831060451862406,0.0020354162426216163,0.027071036026867494
67,0.1930175990842753,0.12376591787094005,0.21848619258835314,0.010301902990413506,0.08770925740449277,0.015882100443554155,0.0,0.031478036915152385,0.020031478036915153,0.11417942481041637,0.05036485906424381,0.1041636857919588,0.0018600658177135498,0.02875947918157104
68,0.2784583971413987,0.07503828483920368,0.15007656967840735,0.015058703420112302,0.048749361919346604,0.03037263910158244,0.0,0.042879019908116385,0.0222052067381317,0.13705972434915772,0.06278713629402756,0.10949464012251149,0.002807554874936192,0.025012761613067893
69,0.17070294402560754,0.09468053742155583,0.1669965884681801,0.05344733184517542,0.045613443962431034,0.05951227730278398,0.0,0.04477109042665207,0.02089036768731837,0.1441688076485701,0.049488270227014276,0.09501747883586742,0.0088025944488902,0.045908267699953674
70,0.2512379989893886,0.1212733703890854,0.12430520464881253,0.05022738756947954,0.03577564426478019,0.06882263769580596,0.0,0.03425972713491662,0.023547246083880747,0.10419403739262253,0.04759979787771602,0.07498736735725113,0.010510358767054067,0.05325922182920667
71,0.29431762991743565,0.05779504613890238,0.14618746964545895,0.010684798445847498,0.0626517727051967,0.021855269548324428,0.0,0.04905293831957261,0.03156872268091306,0.13016027197668772,0.06410879067508499,0.10053423992229238,0.0014570179698882952,0.02962603205439534
72,0.16603425289713875,0.0624551328068916,0.18151984411855193,0.042662291047072094,0.06942877653573992,0.040713772946364475,0.0,0.05363552456158343,0.019895395344067274,0.15290739411342427,0.05753256076299867,0.11086042457183878,0.004717464875397395,0.03763716541893139
73,0.29037800687285226,0.10538373424971363,0.11512027491408934,0.038831615120274915,0.05005727376861398,0.05360824742268041,0.0,0.03424971363115693,0.03333333333333333,0.09106529209621993,0.05108820160366552,0.08774341351660939,0.007560137457044674,0.0415807560137457
74,0.21312991215903837,0.04946833102172908,0.17170596393897364,0.013684697179842812,0.07480351363846509,0.02431807674526121,0.0,0.05048543689320388,0.028663892741562644,0.15894590846047157,0.07027276930189552,0.11521035598705502,0.0025889967637540453,0.02672214516874711
75,0.2612921669525443,0.036020583190394515,0.1761006289308176,0.02058319039451115,0.06460834762721555,0.024585477415666093,0.0,0.048027444253859346,0.024013722126929673,0.13607775871926817,0.06689536878216124,0.11206403659233848,0.006289308176100629,0.023441966838193252
76,0.21422004290530186,0.04954540811114516,0.18081520073551946,0.016651343344570437,0.06967003779752784,0.030033711308611707,0.0,0.04791092042088058,0.02257636122177955,0.16242721422004291,0.05965880069465727,0.11645724793135152,0.001736643170906119,0.028297068137705588
77,0.17505093245572795,0.13085723240871336,0.12349161573421094,0.07569346497414198,0.04215640181789688,0.07177558376430027,0.0,0.033066917411064094,0.025858015984955338,0.11142454160789844,0.04764143551167529,0.08619338661651779,0.018805829807240243,0.05798464190565742
78,0.1937413424002015,0.07832766654073794,0.1858707971288251,0.018133736305251228,0.05484195945095076,0.03437854174537212,0.0,0.05074927590983503,0.035197078453595265,0.16099987407127567,0.05427528019141166,0.09576879486210804,0.00365193300591865,0.03406371993451706
79,0.18045724513871939,0.06525099666422586,0.17199576926206167,0.047189000081360344,0.06834268977300463,0.041412415588642094,0.0,0.0514197380196892,0.02660483280449109,0.14319420714343828,0.05988121389634692,0.10259539500447482,0.006183386217557562,0.03547311040598812
80,0.24296526295361925,0.04870948961769843,0.1672811954201436,0.017077430622938095,0.07141470987774112,0.024451775664661363,0.0,0.05918882204541044,0.029303318455268776,0.15893654182029884,0.054531340966427325,0.10168833689113138,0.0038812342324859306,0.020570541432175432
81,0.2138213016958241,0.09833098733159058,0.14712782358066895,0.04886386487029962,0.04879683624907836,0.042898317581607344,0.0,0.047858435551980695,0.024130303639654134,0.1310409544875662,0.05717541390173604,0.09142703934580065,0.008311549031436423,0.040217172732756885
82,0.1841703167973923,0.11021697056127126,0.13894265050422736,0.06386879902210452,0.043597840480798615,0.06692472242029134,0.0,0.045736986859529385,0.019863502088214323,0.12997860853621268,0.05276561067535907,0.07863909544667413,0.010593867780380972,0.05470102882754405
83,0.09078641981972256,0.1294866950936471,0.12392724132347385,0.09990824202515249,0.057807524153937494,0.12786743671398498,0.0,0.03670318993900793,0.020132779187132292,0.10746478113024235,0.041453014519350136,0.07329842931937172,0.017218114103740488,0.07394613267123658
84,0.08507595377063121,0.15809207220439875,0.10196745390591783,0.11514823547601562,0.042789223454833596,0.12457964516253721,0.0,0.032159560898303116,0.019288005875304395,0.09466197673070233,0.04711839511422056,0.07823431641606432,0.022148351435970777,0.0787368095551003
85,0.0678156385593349,0.161998968352702,0.1268015899505416,0.0952756622265376,0.04096246624389356,0.11536244196983948,3.0342567588069303e-05,0.036137997997390536,0.019055132445307522,0.11739539399824013,0.0483357101677944,0.07515853991564767,0.020299177716418364,0.07537093788876414
86,0.11676028613951701,0.15886504392913725,0.11258341735080897,0.09011474386672427,0.04488933698209228,0.11546401651543521,0.0,0.035191319794517256,0.019684094291612657,0.09246723318450238,0.04508137692640069,0.07705602765375198,0.01675548514090931,0.07508761822459072
87,0.02965672919747801,0.1535767105160738,0.1361926260346125,0.09117563114605226,0.052074414260138556,0.11950909421135933,0.0,0.04179964193975247,0.022521470641654343,0.1224150904231857,0.04641810020497652,0.08458524687994604,0.01766949482369425,0.08240574972107625
88,0.10975472420550013,0.18205364985697875,0.07412329106511407,0.12320097299488728,0.030901596882812677,0.1498457172458839,0.0,0.02569877699948197,0.02443748733079574,0.07328993896258924,0.03313137683281155,0.06306448343431158,0.02716277393634992,0.08333521025248317
89,0.10788753421249067,0.14829559591938293,0.11958198556854939,0.08156257775566061,0.04792236874844489,0.10102015426723066,0.0,0.03911420751430704,0.021199303309280916,0.10709131624782284,0.04687733266981836,0.08529484946504105,0.021149539686489176,0.07300323463548146
90,0.02034844611866003,0.1522265572447195,0.1946051392439123,0.07147181487959102,0.045708327727700795,0.1002287098076147,0.0,0.04486748284676443,0.021122023409121487,0.15969325978743443,0.04409390555630297,0.06676308354634737,0.01039284272837347,0.06847840710345755
91,0.1023967824017073,0.14487400476073217,0.13457276532873677,0.09599441845194123,0.03521300172371337,0.11651481572683248,0.0,0.03513092013461381,0.023229089715176884,0.10362800623820077,0.04296971189362226,0.07321677747681195,0.01736025609455799,0.07489945005335304
92,0.07694615912208505,0.20434670781893005,0.11745541838134431,0.09473593964334705,0.0340363511659808,0.11638374485596707,0.0,0.03377914951989026,0.019675925925925927,0.09825102880658436,0.03896604938271605,0.06361454046639232,0.01586076817558299,0.08594821673525377
93,0.07901794924695688,0.16908511565000114,0.1457029548632602,0.08605552117002499,0.0426609815922793,0.11028585837746144,0.0,0.03427091213350755,0.017284460032551636,0.10739747380968755,0.044426105494807785,0.0741581275932421,0.014396075464777756,0.07525846457144167
94,0.10995708991613029,0.14016481373122683,0.19104739613809246,0.05310122878876536,0.03820460308172421,0.08172420518821923,0.0,0.03245075092646772,0.01572557050906963,0.14118880436902673,0.05056563292373708,0.0759215915740199,0.012824263701969964,0.057124049151550615
95,0.07467162224944039,0.12704312201714743,0.12645183089073786,0.11207078599484732,0.05705959369852599,0.1074249271444862,0.0,0.04124255606706931,0.01721079528656502,0.109198800523715,0.04707099717024961,0.08546268530641551,0.0185200827807577,0.07657220087004266
96,0.07565139263252471,0.15997304582210242,0.13059299191374663,0.09514824797843666,0.04220575022461815,0.11819407008086254,0.0,0.036410601976639714,0.019002695417789758,0.11482479784366577,0.043890386343216535,0.07376460017969452,0.015341419586702605,0.075
97,0.24338103756708407,0.06288014311270125,0.18425760286225404,0.0072450805008944545,0.06565295169946332,0.019051878354203935,0.0,0.05483005366726297,0.012075134168157423,0.14767441860465116,0.06645796064400715,0.1131484794275492,0.0011627906976744186,0.0221824686940966
98,0.14734623491090248,0.09187583828319601,0.15960912052117263,0.05901513699942518,0.059302548380915886,0.06141023184518107,0.0,0.04138723893466181,0.018202720827744778,0.15913010155202145,0.05278789040045986,0.08938493964360988,0.008239126269400269,0.05230887143130868
99,0.1742896742896743,0.12196812196812197,0.1548856548856549,0.057865557865557866,0.039327789327789325,0.07501732501732501,0.0,0.036555786555786556,0.02027027027027027,0.11243936243936244,0.04885654885654886,0.08316008316008316,0.009009009009009009,0.06635481635481635
100,0.19963712337805145,0.15207829338025072,0.10308994941719815,0.0728502309214867,0.04360017594018034,0.08917967890917088,0.0,0.0300197932702881,0.023257092588519903,0.08961952936001759,0.043380250714756985,0.07620409060919288,0.014789971409720696,0.0622938201011656
101,0.1581805838424983,0.08763294863091198,0.17113600362072867,0.05414120841819416,0.05182167911292147,0.06613487214301879,0.0,0.04441050011314777,0.02053632043448744,0.15359809911744737,0.0525571396243494,0.08514369766915592,0.007524326770762616,0.0471826205023761
102,0.04626663819488932,0.1079436258808456,0.17339312406576982,0.09449071108263933,0.04594633069969393,0.11239234109189267,0.0,0.0432771015730657,0.017723681400811445,0.16410420670510356,0.0452345362659264,0.06989821339597124,0.014378247562104065,0.06495124208128693
103,0.029608709515783718,0.16544435840204072,0.11825263061996083,0.1059080763449187,0.04163440076527126,0.12335443902883433,0.0,0.035393795836559924,0.02013392247073293,0.10394934633079761,0.05042590989841935,0.09766318954129276,0.019405092698036714,0.08882612854735115
104,0.09111158252015274,0.20513364446330082,0.11890114552397114,0.10246075519728469,0.025243954179041152,0.12505303351718286,0.0,0.029062367416207043,0.017288926601612218,0.10553669919389054,0.037653797199830294,0.051230377598642345,0.020152736529486636,0.07117098005939754
105,0.11269384604589151,0.12693846045891516,0.1447617711037822,0.07831029401445512,0.04287418426777068,0.10609781769700372,0.0,0.03978668163637639,0.017191776015718196,0.125394709143218,0.046733562557013546,0.08118728510279981,0.015998877271770403,0.06203073468528524
106,0.03838120104438642,0.11331592689295039,0.15848563968668408,0.09784595300261097,0.0543733681462141,0.11077023498694517,0.0,0.047780678851174936,0.01716710182767624,0.14693211488250651,0.049216710182767624,0.08322454308093995,0.017754569190600523,0.06475195822454308
107,0.09585016525890562,0.13923062798384137,0.16686558942343005,0.07739625413147264,0.036035622475211165,0.10269004774146162,0.0,0.03429122291590158,0.019876973925817113,0.12848879911861916,0.044298567756151305,0.07514689680499449,0.01716856408373118,0.06266066838046272
108,0.09857083600437422,0.16433500509068968,0.10592405445152532,0.10483049888759002,0.039217165051472526,0.12451449903842528,0.0,0.030883517478034618,0.01874127983709793,0.09314076699724726,0.04268637580602587,0.07387156378445643,0.019759417775934235,0.08352501979712659
109,0.173336975822975,0.18522059827892365,0.0939762327550881,0.08878568501570824,0.030733506351591312,0.12088512498292583,0.0,0.027182078950962984,0.02253790465783363,0.07089195465100397,0.038109547875973225,0.05914492555661795,0.015981423302827483,0.07321404179756864
110,0.16341267718641347,0.1540518855308906,0.12128911473656058,0.09066595346349292,0.04332709280556298,0.0913345814388874,0.0,0.030355710082909867,0.017116876170098955,0.0986894891682268,0.04145493447445841,0.06900240706071142,0.013506285102968708,0.06579299277881787
111,0.07192301198716866,0.13523552253925375,0.12071585345264224,0.09859868309978051,0.06196184366030728,0.10704035117339186,0.0,0.04406550734425122,0.016208002701333782,0.11852101975350329,0.05031234171872362,0.08728684788114131,0.013844335640722606,0.07428667904777984
112,0.15845982969270642,0.1601258793039615,0.09653831914105887,0.09477971121806739,0.034709366901147724,0.11680858941132914,0.0,0.0289707515734913,0.019900037023324695,0.08200666419844502,0.038319141058867086,0.07487967419474269,0.01693817104776009,0.07756386523509812
113,0.11258238821922689,0.18840923935633275,0.08758387269164539,0.10925717000178137,0.030461374027670567,0.12713021792055104,0.0,0.027076776913484948,0.02197019179383647,0.0751736832729648,0.03485541238643786,0.06602933317498962,0.02541416780476219,0.09405617243631613
114,0.11611289746337977,0.16922710491842324,0.08693581040847922,0.11349291413600095,0.036084315827081104,0.12206740502560438,0.0,0.024889841610098846,0.02631892342503275,0.07740859830891986,0.04227700369179469,0.07121591044420626,0.023937120400142908,0.09003215434083602
115,0.03356554781507283,0.11571519044603275,0.15923278747851263,0.09870623360173708,0.05645526101510902,0.11082963901203294,0.0,0.04017008956844296,0.02089930335655478,0.12286257124762508,0.05401248529810911,0.09382068216773727,0.013751922554962454,0.07997828643807112
116,0.06411036721444512,0.16920267802799757,0.11604787989450192,0.1111787380807466,0.03834449178332319,0.12903225806451613,0.0,0.02880908906471901,0.022722661797524853,0.09596266991276121,0.03915601541894908,0.07750050720227226,0.020693852708460133,0.08723879082978292
117,0.2950132391879965,0.09068843777581642,0.13768755516328332,0.022727272727272728,0.056045895851721095,0.03640776699029126,0.0,0.04148278905560459,0.03133274492497794,0.1145189761694616,0.055825242718446605,0.08495145631067962,0.005516328331862313,0.027802294792586054
118,0.2511747764135213,0.05608609974230711,0.1523419736243747,0.016067909655904197,0.06563589510383508,0.026072457177504928,0.0,0.0504774897680764,0.0286493860845839,0.14067000151584053,0.07124450507806579,0.11671972108534182,0.0025769289070789753,0.022282855843565257
119,0.26258205689277897,0.05876836511409816,0.14848390121913096,0.009377930603313536,0.0806502031884964,0.018130665833072834,0.0,0.04345107846201938,0.03125976867771178,0.13035323538605814,0.0665833072835261,0.12847764926539543,0.001875586120662707,0.02000625195373554
120,0.2605995717344754,0.07066381156316917,0.16937901498929336,0.010706638115631691,0.06723768736616702,0.01948608137044968,0.0,0.044325481798715205,0.023340471092077087,0.13319057815845825,0.062312633832976444,0.1119914346895075,0.0014989293361884369,0.025267665952890792
121,0.17910606221467246,0.09141097781080794,0.16732137169550906,0.01942881409916127,0.06295785115192695,0.03981314364582227,0.0,0.05085465548359699,0.028983968574158615,0.15458116572884595,0.05722475846692855,0.10362034186219343,0.00403439855610999,0.04066249071026648
122,0.30113570518020627,0.09160968826051687,0.153551975895237,0.012573878780855256,0.046471201761501914,0.024162707150307106,0.0,0.043168385676208135,0.0275814115192954,0.11015181365163981,0.059682466102677016,0.10030130953760574,0.0026654305249739253,0.026944025958975548
123,0.11019186762893857,0.08607639500088013,0.18271431086076395,0.04189403274071466,0.06442527723992254,0.05668016194331984,0.0,0.05263157894736842,0.021475092413307518,0.1591269142756557,0.06002464354867101,0.11177609575778912,0.007745115296602711,0.045238514346065836
124,0.26290018832391715,0.1160075329566855,0.12919020715630886,0.030131826741996232,0.05536723163841808,0.043691148775894535,0.0,0.0384180790960452,0.025235404896421846,0.0967984934086629,0.05499058380414312,0.09190207156308851,0.008286252354048965,0.047080979284369114
125,0.22182089924025408,0.08519118196537552,0.152945572300411,0.02428695977083074,0.06177606177606178,0.03649271391206875,0.0,0.0439656246107859,0.030638933864740318,0.14198530327562586,0.06102877070619006,0.09926516378129281,0.004359197907585004,0.03624361688877818
126,0.23305914610262438,0.07755581668625147,0.1707794751273012,0.028593811202506855,0.060712886799843324,0.0282021151586369,0.0,0.04739522130826479,0.027810419114766942,0.13317665491578534,0.05875440658049354,0.09596553074813945,0.0023501762632197414,0.03564433999216608
127,0.21883711668657904,0.09869905748041949,0.14848002123987786,0.03829815478560998,0.04725872826231249,0.046263108987123325,0.0,0.0417496349395991,0.021239877870702244,0.1410460639851321,0.05575467941059339,0.09604407274658171,0.005376344086021506,0.04095313951944776
128,0.15609496810772502,0.12243090007087172,0.12721474131821403,0.08504606661941885,0.04836995038979447,0.10595322466335932,0.0,0.03756201275690999,0.019844082211197732,0.10170092133238838,0.04482636428065202,0.0783132530120482,0.012048192771084338,0.060595322466335935
129,0.2535252643948296,0.12059341950646299,0.12000587544065805,0.04303760282021152,0.041568742655699174,0.06007638072855464,0.0,0.03804347826086957,0.02379553466509988,0.10252643948296122,0.049206815511163335,0.09106933019976499,0.006462984723854289,0.05008813160987074
130,0.18180984688732008,0.1512789951407353,0.11671403685706427,0.07673970844411845,0.03731548546804804,0.0809571834601632,0.0,0.036031906115338776,0.02136242779866141,0.08508297423672871,0.046850646373888326,0.08499128999724948,0.0158613734299074,0.06500412579077657
131,0.217994919359603,0.13894960713652743,0.10852484196845277,0.061558456903172444,0.039463578897619186,0.08117209192414486,0.0,0.031133691735097772,0.024812429845808472,0.09239676256867727,0.050865481183907366,0.07857269451172683,0.010811130147102263,0.06374431381816034
132,0.1778509674763277,0.0708110333470564,0.15808974886784685,0.03664059283655825,0.08275010292301359,0.04405104981473858,0.0,0.03664059283655825,0.022643062988884313,0.14285714285714285,0.06545903664059284,0.10909839440098806,0.012350761630300536,0.04075751337999177
133,0.08424250794089214,0.1307830410164342,0.15274133406987986,0.08838558210191963,0.05022326566312204,0.11398057358560051,0.0,0.03756387239331584,0.016894535745523177,0.13211803157943194,0.045711918243336556,0.06886709938774571,0.015191271923767435,0.06329696634903098
134,0.08068756319514661,0.14256825075834176,0.1530839231547017,0.0779912369396697,0.04280417930569599,0.09902258173238962,0.0,0.03801820020222447,0.019211324570273004,0.12187394674755646,0.04954499494438827,0.09383215369059657,0.015503875968992248,0.0658577687900236
135,0.07527072607846619,0.13055210367477366,0.1401384697319368,0.08929522456950115,0.05624001420202379,0.10758033019705308,0.0,0.04100834368897568,0.017361974081306585,0.12149831350967513,0.05091425528137759,0.0916030534351145,0.015302680631990058,0.06323451091780578
136,0.08198407970975254,0.15270482482265663,0.13678453457518816,0.09671305572101586,0.04142524503167813,0.11073807331997618,0.0,0.039692424324470676,0.018790274543780797,0.10878865002436779,0.04337466832728651,0.0787891915308388,0.015920290247468456,0.07429468782151946
137,0.0965133906013138,0.1906265790803436,0.12746336533602828,0.08986019875357924,0.03309752400202122,0.11238841165571838,0.0,0.0325922182920667,0.018359440795014316,0.10510358767054068,0.03857166919319522,0.06615293919487956,0.017980461512548424,0.07129021391275055
138,0.10269087372345599,0.1757172961582104,0.0917490679202464,0.10868860431188199,0.03533798022369914,0.1268438969038742,0.0,0.03347382071648566,0.021397309126276545,0.0898038579996758,0.03963365213162587,0.07545793483546766,0.021802561193062085,0.07740314475603825
139,0.08771336826094304,0.1846656526392879,0.1365556870035491,0.08162920398850769,0.030646160779674386,0.11114866768069405,0.0,0.03616697650836573,0.01836516252605487,0.11841586389499183,0.039152723790209,0.06839051321052335,0.018590501943552475,0.06855951777364655
140,0.0881535811524143,0.15063621714730233,0.1289103739512141,0.08932044229593822,0.043757292882147025,0.11507473467800189,0.0,0.037506251041840306,0.020225593154414623,0.1164360726787798,0.043840640106684446,0.07759626604434072,0.01636383841751403,0.07217869644940823
141,0.04424115176964607,0.14997000599880023,0.14427114577084582,0.09883023395320936,0.045890821835632874,0.11382723455308938,0.0,0.03839232153569286,0.01859628074385123,0.1235752849430114,0.04979004199160168,0.07648470305938812,0.01964607078584283,0.07648470305938812
142,0.04939752751551823,0.1463669083511554,0.13922069792916383,0.08679776746126963,0.05038860779302071,0.10604558969276512,0.0,0.03969537321996766,0.019091335871889832,0.1294663815137447,0.05284022742684263,0.08763236137916645,0.017578634395701842,0.07547858744979397
143,0.05230968484674054,0.15189235861275002,0.1421067779536624,0.093898402647863,0.04716505972082314,0.11185062598935099,0.0,0.03820693624982012,0.01906749172542812,0.11951359907900418,0.04763275291408836,0.08314145920276299,0.017556482947186647,0.0756583681105195
144,0.12416182387125614,0.17478766204738488,0.08784085829235583,0.09476978095663835,0.041797049620026824,0.11510952168082253,0.0,0.030397854269110416,0.02011622708985248,0.07890031291908807,0.041238265534197585,0.0773357174787662,0.025145283862315602,0.08839964237818507
145,0.08925658354695876,0.15446282917734794,0.13115823817292008,0.0900489396411093,0.04320671172220927,0.11181542763924493,4.660918200885574e-05,0.037100908879049176,0.020228384991843394,0.11573059892798881,0.044651596364483806,0.07448147285015148,0.014914938242833839,0.07289676066185038
146,0.10816457730633237,0.15364834458373514,0.10087860280724312,0.11652201864352299,0.044358727097396335,0.1270759669988214,0.0,0.03209043180113576,0.018429229615343407,0.08839601414336226,0.042483660130718956,0.07269902496517733,0.02105432336869174,0.07419907853851923
147,0.10366567904637222,0.19771928615723833,0.11741197547026803,0.08457934265830634,0.034107352029215186,0.10842003720802039,0.0,0.03321160339006408,0.01698477227313443,0.092089850478881,0.041273341142424036,0.07172879487356164,0.019293047612485358,0.07951491766002894
148,0.05929801613254851,0.1800741225201657,0.10522491098030666,0.11023908146210304,0.04658091708451421,0.13058643993895794,0.0,0.032628442700385146,0.019475328827846812,0.08473221422861711,0.04381948986265533,0.07550323377661507,0.020783373301358914,0.09105442918392559
149,0.1008958858832739,0.17900321823084284,0.11072453683569627,0.09141515177872489,0.03313907975993737,0.12368443941897886,8.697921196833956e-05,0.03235626685222232,0.02400626250326172,0.08724014960424459,0.0404453335652779,0.08054275028268244,0.018439592937287988,0.07802035313560059
150,0.09110740408058514,0.15193122032593354,0.1337097395098165,0.09264724752983447,0.04683690491466701,0.11347790752384619,0.0,0.03434706360408914,0.01852089482013773,0.10000427734291459,0.04431327259506394,0.08345096026348432,0.01574062192565978,0.07391248556396766
151,0.1360573476702509,0.19010752688172042,0.0850179211469534,0.10551971326164875,0.035698924731182795,0.12415770609318996,0.0,0.03025089605734767,0.018494623655913978,0.08086021505376344,0.034551971326164874,0.06551971326164875,0.02078853046594982,0.07297491039426524
152,0.08765652951699464,0.1613372093023256,0.12947227191413238,0.09033989266547406,0.04192754919499105,0.11158318425760286,0.0,0.03734347048300537,0.01744186046511628,0.12298747763864043,0.0389087656529517,0.07692307692307693,0.01699463327370304,0.06708407871198568
153,0.075177304964539,0.12675693101225016,0.1255104233827638,0.10015044057597249,0.055705996131528046,0.12095422308188265,0.0,0.039329464861379754,0.02024500322372663,0.11128304319793682,0.046550612508059315,0.0849344508918977,0.018955512572533847,0.07444659359552977
154,0.10551462122956481,0.17844807736587612,0.10309693760073682,0.09774349527976053,0.035113976513930466,0.12807966843195948,0.0,0.03125719548699056,0.019283905134699516,0.08928160257886254,0.03666820170389132,0.07379691457517845,0.021413769283905135,0.08030163481464425
155,0.11442615454961134,0.12025605852766347,0.10625285779606768,0.10893918609967992,0.042409693644261545,0.13042981252857797,0.0,0.03566529492455418,0.0193758573388203,0.11716963877457705,0.041666666666666664,0.07361682670324646,0.016975308641975308,0.07281664380429813
156,0.057129140662506,0.12564296001645978,0.1259858720252383,0.09642685686852753,0.05301419655716343,0.12091077429531583,0.0,0.03922913380426583,0.020849050133735683,0.1359303202798162,0.050956724504492144,0.08716823263150676,0.016871270831904532,0.06988546738906797
157,0.09666945442022926,0.1034584542726423,0.14620947508240273,0.08378019383086535,0.05652580311900428,0.0963742805136026,0.0,0.03984847739459832,0.020465390859448023,0.1276135189649235,0.05160623800856004,0.09780095439563143,0.018153195257539233,0.06149456388055296
158,0.13494748086166994,0.14123790872945227,0.11251557771052163,0.08563290012462169,0.04640674143967717,0.10604711886534923,0.0,0.0345973532728028,0.020888968013767727,0.1062251498427393,0.041303186754495284,0.07696872589163847,0.01691294285205626,0.07631594564120824
159,0.07630942788074134,0.14351329572925062,0.14601128122481868,0.09000805801772764,0.043916196615632556,0.1040290088638195,0.0,0.0378726833199033,0.02087026591458501,0.12409347300564061,0.04601128122481869,0.07687348912167606,0.014987912973408542,0.07550362610797744
160,0.0911214953271028,0.17084568041942103,0.1306131752906314,0.09425575564166856,0.038408935491224074,0.11807613403236836,0.0,0.028493275586961478,0.019204467745612037,0.1022908593571917,0.03533166172783223,0.07573512651014361,0.017095965352176886,0.07852746751766583
161,0.09283078545071165,0.1394306800210859,0.14217185028993148,0.07812335266209805,0.04812862414338429,0.10300474433315762,0.0,0.0382182393252504,0.02113863995782815,0.10795993674222457,0.04675803900896152,0.08982604111755403,0.017448603057459145,0.07496046389035319
162,0.06633541975866297,0.13273536813576822,0.16545137768600374,0.07175582370781441,0.04400851777763438,0.09730915661095696,0.0,0.04265341679034652,0.017938955926953604,0.1500935664967413,0.04846099245015164,0.08582306252823127,0.015615925663031554,0.061818416467703426
163,0.10383889238514789,0.18275645059786028,0.11919446192573946,0.09188168659534299,0.03222152297042165,0.11466331025802391,0.0,0.03511642542479547,0.019383259911894272,0.10572687224669604,0.03725613593455003,0.06003775959723096,0.018502202643171806,0.07942101950912524
164,0.24140415220381164,0.07924553015914598,0.14441024297596436,0.028489095553081406,0.06228305717466763,0.04034317899011068,0.0,0.04440369375859585,0.025018010347763443,0.136813150828476,0.055733839806143166,0.09902416661208986,0.004715436505337612,0.038116445084812364
165,0.19267881758309083,0.1039975493950069,0.13799969367437587,0.07887884821565323,0.04564251799663042,0.06555368356563027,0.0,0.042272936131107365,0.017460560575892174,0.11808852810537601,0.04962475111043039,0.08485219788635319,0.010415071220707612,0.05253484453974575
166,0.21618378193039603,0.08469055374592833,0.1654380250300017,0.018343905366020916,0.06634664837990742,0.031716098062746445,0.0,0.05040288016458083,0.025887193553917366,0.1356077490142294,0.060860620606891826,0.1073204183096177,0.002914452254414538,0.0342876735813475
167,0.2505018065034123,0.08845175966813863,0.12832864980596814,0.06570319818011508,0.03867255452964004,0.06663990365315134,0.0,0.04001070520540613,0.027833534055934698,0.1083902047370534,0.0499130202060752,0.08256389669476782,0.011106650608858558,0.041884116151478655
168,0.110375,0.164125,0.099625,0.10325,0.035625,0.12075,0.0,0.031,0.02225,0.09875,0.037625,0.076125,0.02575,0.07475
169,0.08016845329249617,0.1699081163859112,0.11339969372128637,0.09218989280245023,0.042572741194486986,0.12664624808575803,0.0,0.03667687595712098,0.02075038284839204,0.10329249617151608,0.03950995405819296,0.07090352220520674,0.02006125574272588,0.08392036753445635
170,0.07853726276809134,0.1424162937818238,0.15213701589260917,0.09026384817157845,0.04304891220490665,0.11726585403487116,0.0,0.034871161857738,0.014658231754358896,0.11572288227125443,0.050300879493905264,0.07298256441907112,0.01666409504706064,0.07113099830273106
171,0.11125411125411125,0.16473616473616473,0.11425711425711425,0.09366509366509367,0.040898040898040895,0.11554411554411555,0.0,0.03374803374803375,0.01716001716001716,0.09066209066209066,0.04518804518804519,0.07550407550407551,0.017875017875017874,0.0795080795080795
172,0.08060754309118835,0.13641276523124182,0.10842482507537403,0.10751464815973605,0.0507992491040446,0.12600261675863245,0.0,0.03794300017065817,0.01769156379771318,0.10284999146709142,0.044257352522896636,0.09016440070538712,0.020422094544627113,0.07690994937140906
173,0.0778637495553184,0.15172536463891853,0.12713447171824974,0.09027036641764496,0.0475809320526503,0.11712913553895411,0.0,0.033084311632870865,0.021166844539309854,0.0982301672002846,0.05024902170046247,0.08319992885094273,0.01845428673070082,0.08391141942369264
174,0.07980968974066877,0.16243382697848957,0.10768612209341286,0.1123768679219996,0.048314682034443474,0.12631508409837164,0.0,0.0331032634188836,0.01876298331434698,0.08537157408027876,0.04275279769483348,0.0771292635529049,0.024793942236815653,0.08114990283455069
175,0.07347743591651475,0.14762453960340788,0.15752074109899922,0.09267457866736113,0.040663715167975,0.10606793407492839,0.0,0.035938837010305445,0.017895010975110683,0.11931247442241155,0.04073812269801704,0.0826295621116857,0.016518471669332936,0.06893857658395029
176,0.12163732979076719,0.18872467618731317,0.09946861507804716,0.10295582862836267,0.034540019926934576,0.12288276320159415,0.0,0.026154101627366325,0.018681501162404517,0.07821321819993357,0.03877449352374626,0.07007638658253072,0.020674194619727665,0.077216871471272
177,0.0789535337758688,0.14892620070285045,0.12588832487309645,0.09285435376805935,0.0468566966028895,0.11308082780163999,0.0,0.0419367434595861,0.020616946505271377,0.102616165560328,0.04709098008590394,0.08512299882858258,0.020148379539242485,0.07590784849668099
178,0.047655068078668684,0.183119011598588,0.10646747352496218,0.10785426122037317,0.0441880988401412,0.1332576903681291,0.0,0.03359808371154816,0.01796520423600605,0.09865103378719113,0.04532274331820474,0.0725542107917297,0.022251638930912757,0.08711548159354514
179,0.0901495162708883,0.15725593667546175,0.10914687774846087,0.10826737027264732,0.04397537379067722,0.12357080035180298,0.0,0.03350923482849604,0.016798592788038698,0.09507475813544415,0.04221635883905013,0.07519788918205805,0.02119613016710642,0.08364116094986808
180,0.034990032309067165,0.1301986663916959,0.14862170894342477,0.09658348800439953,0.056231525400426204,0.11507527325221695,0.0,0.043789097408400354,0.020072867257853854,0.12957998212689903,0.05052588162507734,0.08867807795421737,0.015467106619921633,0.07018629270639995
181,0.0703065756689416,0.12512187195320118,0.1369299100855812,0.10486404506554003,0.05145704690716065,0.11396381757122738,0.0,0.03986567002491604,0.019824504387390314,0.1319467013324667,0.0457155237785722,0.07193153504495721,0.016574585635359115,0.07149821254468638
182,0.10503627378824519,0.15602986016191778,0.12080748606876249,0.09305015245505205,0.051939859110503625,0.10903164756597623,0.0,0.033434970034696664,0.013668383976448322,0.09567868783513826,0.048049626747976026,0.08653138471243824,0.016507202186941437,0.07023446535590369
183,0.07555352659210227,0.11481396941337595,0.10545537548504907,0.10933576808947729,0.05478201323898653,0.13969413375941567,0.0,0.03355398310887925,0.021684546907098836,0.11070531842045195,0.049532070303583656,0.08650992923989957,0.017119379137183293,0.08125998630449668
184,0.07435417744696095,0.16339609123114276,0.12908490228077857,0.09182820523026708,0.04561557138876726,0.11057596624606934,0.0,0.03582374716395335,0.019941885921267364,0.10870517056084067,0.041635155037216896,0.0845042391434144,0.016319707041356525,0.07821518130796482
185,0.020820156019397008,0.15433270082226438,0.12982289690069576,0.11137465738983765,0.05855998313303816,0.13672780940333124,0.0,0.03573687539531942,0.023508328062407758,0.10589289479232553,0.038266919671094246,0.08191018342820999,0.01728863588446131,0.08575795909761755
186,0.10113960113960115,0.18552903035661655,0.09829059829059829,0.10040279005796247,0.031928480204342274,0.13513115237253168,0.0,0.030258375085961294,0.0215148835838491,0.08537184399253364,0.03674231260438157,0.07161803713527852,0.019697416249140388,0.08237547892720307
187,0.1133262583383869,0.15971801091570648,0.09149484536082474,0.11211340206185567,0.0468465736810188,0.1253032140691328,0.0,0.031155245603395998,0.022513644633110976,0.08383869011522134,0.04404184354154033,0.06966343238326259,0.020845967252880532,0.07913887204366282
188,0.07127408572552103,0.12364005767466248,0.13258618429676236,0.09703106567046794,0.05292305675711102,0.12033031852143138,0.0,0.04224013632192948,0.016778083628260585,0.13560099619871543,0.04872853585004588,0.07471490365709792,0.01654869576615546,0.06760387993183904
189,0.09318522436745129,0.15939345852067355,0.13907255576126246,0.0915983425901437,0.04253724764171736,0.10892180199241823,0.0,0.03425019836022216,0.018601780833994535,0.10632107907960857,0.04350700872784977,0.07418672308912987,0.01723529930353522,0.0711892797319933
190,0.09934802856255821,0.2117354858739522,0.08729173134637276,0.11357756390354962,0.031615440339439096,0.13924247128221048,0.0,0.024267825726999898,0.020645762185656627,0.06509365621442616,0.032236365517955085,0.06550760633343682,0.01811031770671634,0.09132774500672669
191,0.11483512240327438,0.1567302494401112,0.11599351301258784,0.092169279481041,0.04448219939763688,0.11525986562668931,0.0,0.03320719746698587,0.01996293150050197,0.09715035910108889,0.042937678585218936,0.08104872963163179,0.017375859139701907,0.06884701521353
192,0.09619337917345998,0.17835117317643723,0.13234564400652157,0.08882115261926703,0.040830793223222514,0.11639611540370029,0.0,0.030410434536045933,0.018501453179272702,0.09732756787410506,0.04409158573757709,0.07081590699652655,0.01672928333451478,0.06918551073934925
193,0.06267857142857143,0.12291666666666666,0.11452380952380953,0.11166666666666666,0.055714285714285716,0.12166666666666667,0.0,0.04,0.02035714285714286,0.11744047619047619,0.049107142857142856,0.0856547619047619,0.01988095238095238,0.07839285714285714
194,0.06847228660353619,0.15124826170452288,0.12403152109131846,0.10337063770611218,0.043639494073240186,0.119462287265744,0.0,0.03423614330176809,0.020197337924640752,0.10992649493411033,0.04794384477849149,0.08317329978147142,0.01814449374213628,0.07615389709290775
195,0.09415842528699081,0.17031831335262504,0.12971030622952906,0.08643113810538366,0.037650650300505614,0.1149235221165771,0.0,0.03157693897669094,0.01990650936496327,0.1022673068973193,0.04537793748211276,0.07705027506598404,0.0178077400069959,0.07282093681432251
196,0.08168032197786403,0.1678884576685353,0.11592640505965215,0.09558717838148627,0.05081213166594797,0.12138852953859422,0.0,0.032844616932585884,0.022135978151502086,0.09210148052321403,0.04290642518326865,0.08207560730199799,0.01742848929136122,0.07722437832399022
197,0.047260732876359325,0.14116373756635572,0.13121682214090605,0.1117868370870484,0.06303148997577694,0.11699221769829408,0.0,0.040354584342627425,0.02004844611657991,0.10086069164562181,0.04988919239292893,0.08359532031129206,0.014894603927227749,0.0789053239189816
198,0.06943306265365418,0.12493481338001937,0.1473590106533562,0.0931237428294718,0.049616330179542575,0.10690605676823363,0.0,0.04261342471876629,0.015495790806824108,0.14177158608358786,0.04693436638605379,0.07896893391939208,0.015421291812560531,0.06742158980853759
199,0.025644510896651714,0.14213220968691948,0.13442979475329617,0.103574826695664,0.05831181187984233,0.13162067871868063,0.0,0.03674505006569707,0.01803271260930633,0.11037107516650808,0.0507453219156359,0.08164559829640705,0.016492229622581667,0.09025417969280956
200,0.03976457077232271,0.1507321274763135,0.11943726672408843,0.1227390180878553,0.04679873672121734,0.1416881998277347,0.0,0.044071202985931666,0.01823140970427792,0.09991386735572783,0.03789836347975883,0.07608383577375825,0.018518518518518517,0.08412288257249498
201,0.07470500583947486,0.12738109621038218,0.13305948209898916,0.0995529781321735,0.05468970238814385,0.1175949418066127,0.0,0.03825862832749386,0.021908098747533324,0.11393016793524224,0.043413475091619344,0.08332326527324715,0.015746445974789577,0.07643671217429826
202,0.08094526687491511,0.16759473040880077,0.10063832676898003,0.06654896102132284,0.05473312508488388,0.11231834849925303,0.0,0.045905201684096154,0.020372130924894743,0.10403368192312916,0.044818688034768434,0.1287518674453348,0.022001901398886324,0.05133776993073475
203,0.0322958500669344,0.17863119143239625,0.116214859437751,0.12407965194109773,0.041499330655957165,0.1536144578313253,0.0,0.033801874163319943,0.017235609103078982,0.1037483266398929,0.03924029451137885,0.055220883534136546,0.022757697456492636,0.08165997322623829
204,0.06300294406280667,0.12713444553483808,0.1260549558390579,0.11844946025515211,0.053042198233562314,0.12051030421982335,0.0,0.04185475956820412,0.016683022571148183,0.11830225711481845,0.045731108930323845,0.08130520117762512,0.01535819430814524,0.0725711481844946
205,0.002216401370139029,0.40398952246625025,0.010276042716099134,0.2534757203304453,0.004432802740278058,0.18758815232722145,0.0,0.002619383437437034,0.0014104372355430183,0.004029820672980053,0.0020149103364900263,0.0030223655047350393,0.02699979850896635,0.09792464235341528
206,0.07996323529411764,0.17292542016806722,0.10267857142857142,0.10451680672268908,0.04582457983193277,0.12749474789915966,0.0,0.03400735294117647,0.018644957983193277,0.09624474789915967,0.044248949579831935,0.07169117647058823,0.02297794117647059,0.07878151260504201
207,0.09408662477558348,0.15204219030520646,0.10014587073608618,0.10368043087971275,0.04841786355475763,0.11944569120287253,0.0,0.03534560143626571,0.023114901256732497,0.08853231597845601,0.04673473967684021,0.08937387791741472,0.018233842010771995,0.08084605026929982
208,0.27168890504127513,0.08545766055760345,0.16748870775141478,0.018690618347957013,0.04677846425419241,0.03286433726182441,0.0,0.04153470743990447,0.02388245677794507,0.1259540003115103,0.05383936451897617,0.09937178754997145,0.003790042053891283,0.028658948133534083
209,0.18117504007074559,0.065992372740839,0.1886364892499862,0.02973525672912176,0.07080086221190515,0.03636765599955784,0.0,0.05200906427900293,0.020228817774830044,0.16597579174266291,0.06422373293538938,0.09329574973746753,0.002652959708174432,0.02890620682031725
210,0.27163841807909606,0.08346516007532957,0.16534839924670433,0.013709981167608286,0.053032015065913374,0.026365348399246705,0.0,0.04090395480225989,0.02749529190207156,0.136045197740113,0.051902071563088514,0.09694915254237288,0.003615819209039548,0.02952919020715631
211,0.20172066630056745,0.11358228079809628,0.14726340838367197,0.040087863811092805,0.05207761303313198,0.05692842760388065,0.0,0.042925132710964674,0.01967783269265971,0.1352736591616328,0.05299286106534871,0.08960278235401795,0.005674537799743731,0.04219293428519129
212,0.22524046083923474,0.08466335482507134,0.15622027269844627,0.023253355882042068,0.060881513582073776,0.03657118697812071,0.0,0.04851495613571504,0.023570447098615367,0.1386745587147236,0.05633653947785646,0.10802240777930451,0.004862065320790614,0.033188880668005495
213,0.25284308526309585,0.05792233810618113,0.17311884980260445,0.009427847504566614,0.06304873018678923,0.017264745742737612,0.0,0.05173531318130929,0.02598550468446173,0.14613163632078252,0.06098638854516528,0.11943904307347829,0.00265158211065936,0.01944493547816864
214,0.12801350048216006,0.10728061716489874,0.1438042430086789,0.08389585342333655,0.052434908389585345,0.10245901639344263,0.0,0.04013982642237223,0.016875602700096432,0.12054001928640308,0.047854387656702024,0.07533751205400192,0.01518804243008679,0.0661764705882353
215,0.2260066387646125,0.08615961899263963,0.20508009813825948,0.015298022802713234,0.07692307692307693,0.01760715832010391,0.0,0.03535863761004474,0.016741232501082406,0.12454899696925964,0.07230480588829558,0.09741665463991918,0.00043296290951075193,0.026122095540482032
216,0.10620179948586118,0.17504820051413883,0.09342866323907455,0.10379177377892031,0.04723650385604113,0.131426735218509,0.0,0.028839974293059126,0.018717866323907456,0.07631748071979434,0.04177377892030849,0.0738271208226221,0.020726221079691517,0.08266388174807197
217,0.09692944460487053,0.15911059774761768,0.12301472711521802,0.08961401482337088,0.04167869862354413,0.11213783809798826,0.0,0.03744344980267591,0.018866108383867552,0.10674752141688325,0.045047646549234766,0.08383867552218693,0.017037250938492638,0.06853402637404947
218,0.0766488413547237,0.10873440285204991,0.15151515151515152,0.09526638938403645,0.05605070310952664,0.10477322242028124,0.0,0.04179045355515944,0.017825311942959002,0.12339077044959398,0.047534165181224004,0.08179837591602297,0.0172311348781937,0.07744107744107744
219,0.09013710747456878,0.1368421052631579,0.12693498452012383,0.11154356479433879,0.0492702344095533,0.11826625386996904,0.0,0.03732861565678903,0.01831048208757187,0.11552410437859355,0.042636001769128705,0.06917293233082707,0.01689517912428129,0.06713843432109685
220,0.07100837428195723,0.17170738459408955,0.14333171845802478,0.09571596650287217,0.04678524465360925,0.08990241539206865,0.0,0.03737282856945117,0.01633331026368607,0.10533600941241608,0.04290954391307357,0.08367361063049346,0.017648280157796386,0.07827531317046163
221,0.09473684210526316,0.11777557100297914,0.10407149950347568,0.11817279046673287,0.05998013902681231,0.11618669314796425,0.0,0.03257199602780536,0.025024826216484608,0.0945382323733863,0.05501489572989077,0.0903674280039722,0.018669314796425026,0.07288977159880834
222,0.09650020466639378,0.15124846500204667,0.10734752353663528,0.10949652067130577,0.04963160049119934,0.11880884158821121,0.0,0.036737617683176425,0.018419975440032748,0.0979840360212853,0.04825010233319689,0.07454973393368809,0.01673147769136308,0.07429390094146542
223,0.05421686746987952,0.13806671773800405,0.14168813984260742,0.09405251062051675,0.042621352461870605,0.1199247858485967,0.0,0.03840796712863013,0.0211017480325928,0.12323281565568633,0.05435615293544119,0.08534716902291246,0.018107110523016924,0.06887666272024515
224,0.16122091568676508,0.12919689767325493,0.10743057292969728,0.0923692769577183,0.04113084813610208,0.10432824618463848,0.0,0.03177383037277959,0.022967225419064298,0.09837378033525143,0.042331748811608706,0.0804103077307981,0.017363022266700025,0.07110332749562172
225,0.08816086136290434,0.11282381631620117,0.15303915704228593,0.08447982331017347,0.0548934799613491,0.10150462430405374,0.0,0.04371232687617908,0.01707081396953941,0.11954171076243501,0.0500161045414807,0.09248608107486311,0.013987944600377306,0.06828325587815764
226,0.1617161716171617,0.11051105110511052,0.15031503150315031,0.0783078307830783,0.045304530453045305,0.0745074507450745,0.0,0.0392039203920392,0.018301830183018303,0.1266126612661266,0.049004900490049005,0.082008200820082,0.0106010601060106,0.0536053605360536
227,0.17289179822872544,0.1209087408548325,0.1418944936465152,0.06372737774355025,0.05333076626877166,0.06680785521755872,0.0,0.040046207162110124,0.020793222949557183,0.11898344243357721,0.04601463226800154,0.08779360800924144,0.013477088948787063,0.05333076626877166
228,0.22768899263781647,0.11258753815765847,0.12803016699587,0.06787574070748788,0.044173101095349256,0.0581792063207039,0.0,0.04040222661159993,0.02675525228945951,0.11438319267372958,0.048303106482312806,0.07739270964266474,0.008798707128748428,0.04543005925659903
229,0.20614784093681385,0.06367406684557209,0.16760185411075873,0.04635276896804098,0.05171993169065626,0.03805806294218102,0.0,0.05098804586484509,0.03195901439375457,0.13686264942668944,0.056355208587460355,0.10709929251036839,0.007562820200048792,0.03561844352281044
230,0.2023272381857041,0.09641415340774163,0.14913322251246736,0.05271906910472572,0.06126810733792448,0.05153170268344811,0.0,0.04986938969365946,0.023747328425552126,0.11826169555924959,0.052244122536214674,0.09403942056518641,0.007361671811921159,0.04108287817620518
231,0.08002126811112588,0.12521600425362223,0.14302804732154725,0.09809916256812441,0.05582879170543666,0.09969427090256547,0.0,0.04094111391732022,0.0184766715406088,0.11298684035624086,0.05170809517479729,0.08254685630732421,0.013691346537285657,0.07776153130400107
232,0.10082597550555397,0.14668185702079178,0.10880091142124751,0.09569923098832242,0.04129877527769866,0.13101680432925092,0.0,0.033608658501851324,0.02307035032754201,0.10851609228140131,0.03902022215892908,0.0746226146397038,0.02307035032754201,0.07376815722016519
233,0.23812975715839071,0.07273166606258306,0.15343723571342274,0.027425395674761387,0.06209979461157424,0.03793645040473601,0.0,0.043010752688172046,0.02682131206959043,0.12697837380693489,0.05980427691192461,0.11030566630421651,0.004107768515162498,0.037211550078530865
234,0.2058455114822547,0.1373695198329854,0.10897703549060543,0.05386221294363257,0.05135699373695198,0.08684759916492693,0.0,0.03298538622129436,0.022964509394572025,0.10062630480167015,0.05135699373695198,0.09394572025052192,0.007098121085594989,0.04676409185803758
235,0.11771808028976759,0.04678539088439481,0.2233625113190462,0.011771808028976758,0.08511922728644733,0.01780863265922125,0.0,0.04557802595834591,0.034409900392393604,0.17023845457289466,0.07968608511922728,0.13492303048596438,0.001509206157561123,0.03108964684575913
236,0.2387152777777778,0.08919270833333333,0.15711805555555555,0.048828125,0.04210069444444445,0.041015625,0.0,0.041449652777777776,0.03146701388888889,0.12348090277777778,0.04796006944444445,0.1013454861111111,0.008029513888888888,0.029296875
